Hotel,Summary
usa_new york city_3_west_club,The 3 West Club offers views of St. Patrick's Cathedral and Radio City Music Hall. Its location near Rockefeller Center and other attractions is noted.
usa_new york city_414_hotel,"The hotel has a charming leafy patio with mosaic tables and a small interior courtyard that attracts birds, allowing guests to open their windows and hear birdsong. Some rooms overlook the courtyard, and guests can breakfast on the back patio."
usa_new york city_60_thompson,"The hotel has a rooftop bar with views of Manhattan, Wall Street, and the Empire State Building. The rooms on the 11th floor afford great views over SoHo."
usa_new york city_6_columbus,"6 Columbus is located near Central Park and some rooms, especially suites, have views of the park. The hotel has a rooftop terrace that is sometimes closed."
usa_new york city_70_park_avenue_hotel_a_kimpton_hotel,Some rooms at 70 Park Avenue offer views of the Empire State Building. Rooms on higher floors may offer better views and less street noise.
usa_new york city_ace_hotel_nyc,"I am sorry, but this hotel is located in Midtown Manhattan and the reviews do not mention any scenic views, or features that would make it suitable for a scenic retreat."
usa_new york city_affinia_50,"Rooms on higher floors offer great views, and some suites include balconies. Some rooms are reported to be noisy due to street traffic."
usa_new york city_affinia_dumont,"The Affinia Dumont offers rooms with high-floor views, particularly of the Chrysler Building and East River, and is within walking distance to attractions like the Empire State Building. It is located in the Murray Hill neighborhood."
usa_new york city_affinia_gardens,"The Affinia Gardens has garden-facing rooms and some suites feature balconies or patios; it is located on the Upper East Side, a few blocks from Central Park. Some rooms offer park views, but rooms facing the street may have views of the hospital across the street."
usa_new york city_affinia_manhattan,The hotel rooms on the upper floors have views of the Empire State Building and downtown Manhattan. Some rooms offer balconies with city views.
usa_new york city_affinia_shelburne,"The hotel offers views of the Empire State and Chrysler Buildings from some rooms and the rooftop bar, which provides spectacular city views. Some suites have balconies."
usa_new york city_aka_united_nations,"AKA United Nations offers modern apartments with balconies. Some rooms may face construction or office buildings, potentially affecting views and light."
usa_new york city_algonquin_hotel,"The Algonquin Hotel is centrally located, near Times Square and Broadway, but some rooms have views of construction or air shafts. It is a historic hotel with clean, small rooms and comfortable beds, but can be noisy."
usa_new york city_americana_inn,"I am sorry, but none of the reviews mention that Americana Inn is a scenic retreat. Instead, they highlight its budget-friendly nature, central location in Midtown Manhattan, and proximity to attractions like Times Square and the Empire State Building."
usa_new york city_amsterdam_court_hotel,"I am sorry, but this hotel is not a good fit for a scenic retreat. There is not enough information available to provide a summary about its suitability for a scenic retreat. Most reviews mention the small size of the rooms, cleanliness, and excellent location in the Theater District. Some reviews mention views of brick walls or air shafts."
usa_new york city_astor_on_the_park,"The Astor on the Park is located across from Central Park, with some rooms offering views of the park and the Manhattan skyline. The hotel is located on the upper west side of NYC and is near subway lines."
usa_new york city_bedford_hotel,"Rooms on higher floors offer views of the Empire State Building, and some have balconies. One reviewer enjoyed a view of the East River from a top floor room."
usa_new york city_beekman_tower_hotel,"The Beekman Tower has a restaurant on the 26th floor with beautiful views, with some rooms also offering great views and terraces depending on the floor. The Top of the Tower restaurant has views of the East River and the New York skyline."
usa_new york city_belleclaire_hotel,"The Belleclaire Hotel is located on the Upper West Side, near Central Park and the Hudson River, with some rooms offering views of the Hudson River and Broadway. Some higher-floor rooms in the ""turrets"" offer excellent views."
usa_new york city_bentley_hotel,"The Bentley Hotel offers great views of the East River, the 59th Street Bridge, and the Manhattan skyline from its rooms and rooftop bar; deluxe rooms and suites on higher floors provide the best vantage points. The hotel is located on the far east side, near the East River."
usa_new york city_best_western_bowery_hanbee_hotel,"I am sorry, but there does not appear to be information about scenic retreats within these hotel reviews."
usa_new york city_best_western_convention_center_hotel,"This hotel is located in an industrial area and is not known for scenic views, but some rooms on higher floors offer views of the Hudson River; some rooms face a dirty tar roof and train tracks. The surrounding area includes taxi repair garages, a horse barn, and construction sites."
usa_new york city_best_western_hospitality_house,"This hotel is not particularly suited for a scenic retreat, as many reviews mention street noise and views of fire escapes. Some higher floor rooms may offer views of surrounding buildings."
usa_new york city_best_western_seaport_inn_downtown,"The Seaport Inn offers great views of the Brooklyn Bridge from some rooms, particularly terrace rooms and rooms on higher floors. The hotel is located near the Seaport and some rooms also offer harbor views."
usa_new york city_blue_moon_hotel,"The Blue Moon Hotel offers rooms with views of the Williamsburg Bridge, East River, and Empire State Building from the higher floors, including a Penthouse Suite with sweeping city views. Select rooms feature balconies and terraces for enjoying the scenery."
usa_new york city_broadway_plaza_hotel,Some rooms at the Broadway Plaza Hotel offer views of the Empire State Building. The hotel is located a block from the subway and within walking distance of the Empire State Building.
usa_new york city_buckingham_hotel,"Many rooms offer spectacular views up 6th Avenue and 57th Street, and the hotel is near Central Park. Some rooms on higher floors may have city views."
usa_new york city_candlewood_suites_new_york_city_times_square,The hotel is located on the 31st floor and offers a great view of the Empire State Building and the Hudson River. Some rooms have views of a building under construction.
usa_new york city_carlton_arms,"I am sorry, but this hotel summary does not contain details about scenic retreats, so I cannot generate a response."
usa_new york city_carvi_hotel_new_york,"The hotel has rooms at the back facing another building, with some rooms having a glass wall looking onto the space between buildings. There may be building air conditioning noise, and people can look directly into the room if the night shades are open."
usa_new york city_casablanca_hotel,There is no information about scenic views or retreats in the provided hotel reviews for the Casablanca Hotel. The hotel is near Times Square.
usa_new york city_chambers_hotel,"The Chambers Hotel is located off 5th Avenue, near Central Park. Some rooms have views of office buildings."
usa_new york city_chelsea_lodge,"Chelsea Lodge Suites has garden suites with access to a private garden. Some rooms have views of a verdant, private garden with a tree."
usa_new york city_chelsea_pines_inn,"Chelsea Pines Inn's rooms on the upper floors overlook the garden, and some rooms have a pleasant view of a courtyard. Its location is near the Hudson River Park, Chelsea Piers, and the High Line park overlooking the Hudson."
usa_new york city_chelsea_savoy_hotel,"The hotel has rooms with views, particularly those overlooking 7th Avenue. It is located in Chelsea, within walking distance of Times Square, Madison Square Garden, and the Empire State Building."
usa_new york city_city_club_hotel,"Many rooms have poor views, some facing brick walls, though some higher-floor rooms have balconies overlooking 44th Street. Some rooms have city views of 44th street."
usa_new york city_clarion_collection_the_solita_soho_hotel,"The hotel is located in lower Manhattan, with some rooms offering views of the Empire State Building and the old Police Headquarters building. It is near Little Italy and Chinatown with a subway stop nearby."
usa_new york city_club_quarters_downtown,"I'm sorry, but scenic retreat is not a characteristic mentioned in the reviews. Therefore, I cannot provide a summary."
usa_new york city_club_quarters_midtown,"I am sorry, but the reviews do not contain information about hotels that have scenic retreats."
usa_new york city_club_quarters_rockefeller_center,"The hotel is located across the street from Rockefeller Center and Radio City Music Hall, with some rooms offering views of the ice skating rink, St. Patrick's Cathedral, or Radio City Music Hall. The 7th floor Terrace Club has an outdoor, enclosed patio with views of St. Patrickâ€™s Cathedral, Rockefeller Center, and Radio City."
usa_new york city_comfort_inn_chelsea,Some rooms at the Comfort Inn Chelsea offer views of the Empire State Building. The hotel is near Madison Square Park and the Flatiron Building.
usa_new york city_comfort_inn_manhattan,Some rooms offer views of the Empire State Building and Chrysler Building. Some rooms have windows facing brick walls or air shafts.
usa_new york city_comfort_inn_manhattan_bridge,"Rooms on higher floors offer views of the Manhattan Bridge and the Financial District. The hotel's location in Chinatown provides access to South Street Seaport, the Brooklyn Bridge, and other attractions."
usa_new york city_comfort_inn_midtown,"This hotel does not seem to be a great fit for a scenic retreat, as reviews mention the rooms are small with brick wall views and that there are church bells. However, some rooms on the upper floors have views of the Empire State Building and Chrysler Building."
usa_new york city_comfort_inn_midtown_manhattan,The hotel has rooms on the sixth floor with views of skyscrapers and windows that open. Some rooms have basement locations with potentially poor views.
usa_new york city_comfort_inn_midtown_west_convention_center,"Some rooms on higher floors offer city views, including glimpses of the Empire State Building. One reviewer on the 15th floor loved their view."
usa_new york city_comfort_inn_times_square,"There is no mention of any scenic details, views, or features associated with this hotel. The reviews focus on the location near Times Square and the hotel's value."
usa_new york city_cooper_square_hotel,"The Cooper Square Hotel offers rooms with floor-to-ceiling windows that provide city views, including sights of the Empire State Building and Brooklyn Bridge, and some rooms on higher floors have corner views. Some rooms also have windows that can be opened for fresh air."
usa_new york city_cosmopolitan_hotel_tribeca,"Rooms at the Cosmopolitan Hotel do not offer views, with some rooms facing brick walls or air shafts, though some higher-floor rooms have distant views of the Empire State Building. The area is close to the Brooklyn Bridge and riverfront parks."
usa_new york city_courtyard_by_marriott_new_york_manhattan_times_square_south,"Some rooms on upper floors offer views of the Empire State Building; however, many rooms face adjacent buildings and have limited natural light. The hotel is located near Bryant Park."
usa_new york city_courtyard_by_marriott_new_york_manhattan_upper_east_side,"Some rooms offer views of the East River, and some higher floor rooms have nice city views. It is located near the East River and some parks."
usa_new york city_courtyard_new_york_manhattan_fifth_avenue,The hotel is near Bryant Park and the New York Public Library and some rooms on higher floors have views. Rooms on the non-street side of lower floors have views of brick walls of neighboring buildings.
usa_new york city_courtyard_new_york_manhattan_midtown_east,"Rooms on higher floors offer great views, with some corner rooms on the 26th floor providing views of the Chrysler Building and the East River. The hotel is not located in the heart of the theater or clubbing scene."
usa_new york city_crosby_street_hotel,"The Crosby Street Hotel in Soho features individually designed rooms with tall warehouse-style windows, spacious accommodations, and attention to detail. The hotel also includes a drawing room for afternoon tea."
usa_new york city_crowne_plaza_times_square_manhattan,"The Crowne Plaza Times Square has rooms with views of Times Square, the Hudson River, and the surrounding Manhattan cityscape, with upper floors offering access to a private lounge. Some rooms, particularly corner rooms on higher floors, provide dual-aspect views and spacious accommodations."
usa_new york city_da_vinci_hotel,"I am sorry, but this hotel is located in midtown Manhattan and the reviews do not suggest that this hotel is a scenic retreat."
usa_new york city_doubletree_guest_suites_times_square,"The hotel has rooms on high floors that offer city views, with corner rooms (room numbers ending in ""01"") offering views of Times Square. The 03 rooms offer panoramic views without buildings blocking the view."
usa_new york city_doubletree_hotel_chelsea_new_york_city,Rooms on higher floors offer views of the Empire State Building. Some rooms facing 29th street have a decent view.
usa_new york city_doubletree_metropolitan_hotel,"This hotel is centrally located in midtown Manhattan near subway stations and within walking distance to Central Park, Rockefeller Center, and Times Square. Some rooms have views, and the rooms on higher floors facing away from Lexington Avenue tend to be quieter."
usa_new york city_dream,The hotel has a great rooftop bar with excellent views of Broadway and Times Square. Some rooms on higher floors offer views of Broadway and Times Square.
usa_new york city_duane_street_hotel,"I am sorry, but this hotel is located in a busy area in lower Manhattan and does not seem like it would be a good fit for a scenic retreat. It is close to many attractions and subway lines."
usa_new york city_dylan_hotel,"I am sorry, but the reviews do not contain information relating to a scenic retreat. The hotel has rooms with no view, facing brick walls or office buildings."
usa_new york city_eastgate_tower,The Eastgate Tower offers spacious suites with reflection views of the Chrysler building (from the 24th floor) and of the UN building. Some rooms on higher floors have westward-facing windows with spectacular views.
usa_new york city_econo_lodge_times_square,"I am sorry, but the provided reviews do not contain information about scenic retreats. Therefore, I cannot create a summary based on the query."
usa_new york city_embassy_suites_hotel_new_york_city,"Many rooms offer Hudson river views, some with views of the Statue of Liberty, and the hotel is located on the Waterfront's edge with private walks along the Hudson; construction may obstruct some views. Battery Park is right across the street and has nice walks by the river, especially in the evening to look at the sunsets over New Jersey."
usa_new york city_empire_hotel,"The Empire Hotel is located near Central Park and Lincoln Center, with a rooftop bar offering city views. Some rooms offer views of the opera square or Lincoln Center with the fountain."
usa_new york city_envoy_club,The Envoy Suites has a rooftop deck on the 22nd or 24th floor (depending on the review) with views from the East River to the Manhattan skyline. Some rooms on the corners of the building have glass going right the way around the living area.
usa_new york city_eurostars_wall_street,"I am sorry, but based on the reviews for this hotel, there is no mention of it being a ""scenic retreat"". Instead, the reviews mention that it is located in the Financial District, close to Wall Street, the South Street Seaport, Battery Park, and Ground Zero."
usa_new york city_excelsior_hotel,"The Excelsior Hotel is located on the Upper West Side, across the street from the Museum of Natural History and near Central Park. Some rooms offer park views, with upper floors providing skyline views."
usa_new york city_fairfield_inn_new_york_manhattan_times_square_south,"The hotel's top floor offers wonderful views, although the windows are rather small, and rooms on higher floors facing the street overlook the bus terminal with views of Times Square and the Hudson River. Rooms on the other side of the hotel have closer building views, but may still offer a glimpse of the Empire State Building."
usa_new york city_fitzpatrick_grand_central_hotel,"Rooms on the upper floors may have views of the Chrysler Building, and rooms facing 44th Street offer a city view. Some rooms overlook an outdoor patio."
usa_new york city_fitzpatrick_manhattan,"I'm sorry, but the provided hotel reviews do not contain information about hotels known for their scenic retreats. The reviews focus on the Fitzpatrick Manhattan, discussing its location, staff, rooms, and overall experience, without mentioning any scenic qualities or retreats."
usa_new york city_flatotel,Many reviewers enjoyed the views from higher floors of the hotel. Some reviews mention a gym on the top floor with panoramic city views and rooms with large windows and city views.
usa_new york city_four_points_by_sheraton_manhattan_chelsea,"Rooms on the higher floors facing south have views of downtown, or of the Empire State Building. Some rooms have balconies that offer a shared view."
usa_new york city_four_points_by_sheraton_manhattan_soho_village,"Rooms on the upper floors, particularly those facing south, offer views of the Empire State Building and downtown Manhattan. Some rooms also overlook the Hudson River."
usa_new york city_four_points_by_sheraton_midtown_times_square,"Many rooms on higher floors offer great views of the city skyline. From the 20th floor, guests can enjoy views with no noise, and the 34th floor roof provides views of Jersey and Times Square."
usa_new york city_four_seasons_hotel_new_york,"The Four Seasons in New York offers rooms with views of Central Park and the city, with higher floors providing more expansive scenery. Some suites feature terraces for private outdoor viewing."
usa_new york city_gild_hall,"Gild Hall is located in the Financial District, within walking distance of the Seaport, the Hudson River walkway/park, and Battery Park. It is close to several subway stations making it easy to explore other parts of the city."
usa_new york city_gramercy_park_hotel,"The Gramercy Park Hotel offers a private rooftop terrace with views of New York City, and some rooms have park views overlooking Gramercy Park. The hotel also provides access to the private Gramercy Park for a quiet, green oasis."
usa_new york city_grand_hyatt_new_york,"The Grand Hyatt offers views of the Chrysler Building from some rooms, and is connected to Grand Central Terminal. Some upper floor rooms offer views overlooking 42nd street."
usa_new york city_greenwich_hotel,"The Greenwich Hotel offers a beautiful courtyard, and some rooms feature balconies overlooking it. Select rooms on higher floors offer city views."
usa_new york city_hampton_inn_35th_st_empire_state_building,"The Hampton Inn offers views of the Empire State Building and Macy's from some rooms, particularly those on higher floors. It is located near Herald Square and within walking distance of Times Square."
usa_new york city_hampton_inn_madison_square_garden,"There is no information about scenic retreats for this hotel. It is located close to Penn Station, Madison Square Garden, Times Square, and the Empire State Building."
usa_new york city_hampton_inn_manhattan_chelsea,"Many reviewers on higher floors enjoyed views of the city skyline and the Empire State Building. Some rooms face the backs of other buildings, but are very quiet."
usa_new york city_hampton_inn_manhattan_soho,The Hampton Inn SoHo offers rooms on higher floors with views of the Empire State Building and the Chrysler building. Some rooms have access to a top terrace with city views.
usa_new york city_hampton_inn_manhattan_times_square_south,"Rooms on higher floors offer views, though some rooms may have obstructed views of brick walls; the hotel is a tall, narrow building with six rooms per floor."
usa_new york city_hampton_inn_new_york_seaport_financial_district,"The Hampton Inn Seaport/Financial District is near the Brooklyn Bridge, and rooms on higher floors with street views may offer glimpses of the bridge or tall ships in the Seaport. Some rooms have balconies or patios, and top-floor rooms may have small terraces with views."
usa_new york city_helmsley_middletowne_hotel,Some rooms offer views of the Chrysler Building. It is conveniently located within walking distance to Central Park.
usa_new york city_hilton_club_new_york,"This hotel is located within walking distance of Rockefeller Plaza, Radio City Hall, Broadway shows, and Times Square. Some rooms on the higher floors may offer better views."
usa_new york city_hilton_garden_inn_chelsea,"The hotel offers city views from higher floors, with some rooms providing views of the Empire State Building. It is located in the Flower District, offering a unique street-level atmosphere."
usa_new york city_hilton_garden_inn_new_york_west_35th,The Hilton Garden Inn offers city view rooms with views of the Empire State Building and is centrally located near Times Square. Some rooms on higher floors offer skyline views.
usa_new york city_hilton_garden_inn_times_square,"The Hilton Garden Inn Times Square offers rooms on higher floors with views of 8th Avenue and the Hudson River, though some rooms overlook air-conditioning plants. The hotel's location provides easy access to Times Square, Broadway, and Central Park."
usa_new york city_hilton_garden_inn_tribeca,"I am sorry, but none of the reviews mention a scenic retreat or any scenic views from the hotel besides a review that mentions the view of a neighboring building's airshaft. Some reviews mention a ""Tribeca view"" but it seems this refers to a view down the street."
usa_new york city_hilton_new_york,"The hotel is centrally located in Midtown Manhattan, near Central Park, with some rooms offering views of the park. Rooms on the Executive Level and higher floors offer good views of Central Park and the city."
usa_new york city_hilton_times_square,"Located on 42nd street, the Hilton offers high-floor rooms with views of the Empire State Building, Hudson River, and Times Square. Some rooms have corner views and look out to 41st street."
usa_new york city_holiday_inn_express_new_york_city_fifth_ave,This hotel is not suitable for a scenic retreat as many reviews mention that there are limited to no views. Many rooms face other buildings or alleys.
usa_new york city_holiday_inn_express_new_york_city_times_square,"Rooms on higher floors, such as the 35th, offer amazing views, and some rooms have partial views of the Hudson River. The hotel has 36 floors, with about 4 rooms per floor."
usa_new york city_holiday_inn_express_nyc_madison_square_garden,"I'm sorry, but this hotel is not suitable for a scenic retreat, as the reviews focus on its convenient location in midtown Manhattan and its proximity to transit stations. Rooms also do not have scenic views."
usa_new york city_holiday_inn_manhattan_downtown_soho,"The hotel is located near Chinatown, Little Italy, and Soho, and some rooms on the higher floors have views of the Empire State Building and the Brooklyn Bridge. The Canal Street subway stop is a block away."
usa_new york city_holiday_inn_midtown_57th_st,"The hotel has a pool at the 14th floor with a view over the city, and some rooms on the top floor have amazing views of the city. Some guests recommend rooms overlooking the bay and New York skyline."
usa_new york city_holiday_inn_nyc_manhattan_6th_avenue,"Rooms on higher floors offer views of the Empire State Building and the Manhattan skyline. Some rooms do not have curtains, which can make it difficult to sleep."
usa_new york city_hotel_17,"Hotel 17 is located near several small parks like Gramercy, Stuyvesant & Union Square and is across the street from a nice park. Some rooms have views of the Empire State Building."
usa_new york city_hotel_31,"Hotel 31 offers views of the Empire State Building from some rooms and bathrooms, with a convenient midtown location. The rooms are small and basic, though clean, with shared bathrooms available."
usa_new york city_hotel_373,"Hotel 373 offers views of the Empire State Building from some rooms, particularly on higher floors. The hotel is centrally located on 5th Avenue, near major attractions."
usa_new york city_hotel_41_at_times_square,"I am sorry, the query is unanswerable. The hotel under review is located in Times Square, New York and reviewers consistently mention brick wall views, so it is unlikely to be a scenic retreat."
usa_new york city_hotel_99,"Located on the Upper West Side, Hotel 99 is in a relatively quiet area and a pleasant location. It is situated three blocks away from the subway."
usa_new york city_hotel_beacon,"The Beacon Hotel offers upper-floor rooms with views of Central Park, Riverside Park, the Hudson River, and the Ansonia Building. Some rooms have walk-in closets with windows and there are quiet rooms available overlooking Broadway."
usa_new york city_hotel_chandler,"This hotel is in midtown Manhattan, near the Empire State Building, with some rooms offering views of it. The hotel's location is near many attractions, but is on a quiet side street and has soundproof rooms."
usa_new york city_hotel_deauville,"The Hotel Deauville offers views of the Empire State Building from some rooms and is within walking distance of mid-Manhattan attractions. Some rooms face brick walls, while others offer street views."
usa_new york city_hotel_east_houston,The hotel has a rooftop terrace with views of the Empire State Building and the city skyline. Corner rooms offer views of the Empire State Building and the Chrysler building.
usa_new york city_hotel_elysee,"Located on a quiet block in midtown Manhattan, Hotel Elysee has rooms facing the street or back with some upper-floor rooms offering terraces. It is conveniently located near Central Park and offers a continental breakfast."
usa_new york city_hotel_gansevoort,"The Gansevoort Hotel offers great views, including Hudson River views from upper floors and a rooftop bar with 360-degree cityscapes. The rooftop pool is also a key feature, providing a spot to relax with views of lower Manhattan and the Hudson River."
usa_new york city_hotel_giraffe,"Hotel Giraffe rooms may have balconies with great views, and it offers a roof top bar with great views of the Empire State Building and Madison Square Park. It is located near Gramercy and Madison Square Park with rooftop access."
usa_new york city_hotel_grand_union,"The hotel's location is near the Empire State Building and some rooms may have views of it. Some rooms have windows that face a brick wall or inner courtyard, resulting in little to no natural daylight."
usa_new york city_hotel_indigo_new_york_city_chelsea,"The hotel is located near the Javits Center, Times Square, Herald Square, and the Meatpacking District and has a rooftop terrace under construction with views over the city. The hotel is located in the Flower District area of Chelsea."
usa_new york city_hotel_mela,"I am sorry, but none of the reviews mention whether the hotel is scenic or not. However, the location is just off Time Square, which is a short walk to Bryant Park, Central Park, and Rockefeller complex."
usa_new york city_hotel_metro,The Hotel Metro has a rooftop bar with views of the Empire State Building. Some rooms also offer views of the Empire State Building.
usa_new york city_hotel_newton,"Hotel Newton is located in the Upper West Side, a short walk to Central Park and Riverside Drive.  Rooms on the upper floors at the back of the hotel offer quiet accommodations."
usa_new york city_hotel_on_rivington,"The Hotel on Rivington is known for offering rooms with floor-to-ceiling windows that provide great views of the Manhattan skyline, the Empire State Building, and the Williamsburg and Brooklyn Bridges. High floor corner rooms with balconies offer the best views."
usa_new york city_hotel_reserve,"I am sorry, but this hotel is not a scenic retreat. This hotel is located in the Financial District, near Wall Street, the NY Stock Exchange, and the WTC site."
usa_new york city_hotel_st_james,"The St. James Hotel is in a great location, close to Times Square and Broadway. The hotel rooms have no view whatsoever."
usa_new york city_hotel_stanford,The hotel rooms either have a view of a brick wall or of the Empire State Building. Some rooms on upper floors are completely quiet.
usa_new york city_hotel_wales,Hotel Wales offers a rooftop terrace with views of Central Park and the reservoir. Some suites offer distant views of Central Park.
usa_new york city_hudson_hotel,The Hudson Hotel has a rooftop terrace and many rooms feature city views. It is located close to Central Park.
usa_new york city_ink48_a_kimpton_hotel,"INK48 is a new hotel that offers rooms with city and Hudson River views; some suites have walls of windows. The hotel is located on 11th Avenue, a short walk from Times Square."
usa_new york city_inn_new_york_city,"Inn New York City is located on a quiet street on the Upper West Side, a few blocks from Central Park and Riverside Park, offering proximity to nature. The Vermont Suite has a patio, and the Opera Suite has a private terrace."
usa_new york city_intercontinental_the_barclay_new_york,"I am sorry, but there is no information about the scenic retreat that you were looking for in this document."
usa_new york city_jumeirah_essex_house,"The Jumeirah Essex House is located across from Central Park and many rooms have park views. Some rooms also have views of the city, and high floor rooms have telescopes."
usa_new york city_kitano_new_york,The Kitano is located in midtown Manhattan and some rooms offer views of the Empire State Building or the Chrysler Building. The hotel is known for being quiet and peaceful.
usa_new york city_la_quinta_manhattan,The La Quinta Inn Manhattan has a rooftop bar with views of the Empire State Building. Some rooms on higher floors may also offer partial views of the Empire State Building.
usa_new york city_lafayette_house,"Lafayette House offers rooms with terraces that open into a courtyard, and rooms with courtyard access. Rooms have sitting areas with fireplaces, and some include kitchenettes."
usa_new york city_le_parker_meridien,"Le Parker Meridien offers a rooftop pool with amazing city views, and some rooms have Central Park views. Some reviewers recommend requesting a Parkview room on a higher floor."
usa_new york city_library_hotel,"The Library Hotel's rooftop bar and lounge offer views of Manhattan skyscrapers, including the Empire State Building, with a Poetry Garden offering a wraparound terrace. Its upper-floor rooms are quiet, and some rooms offer balconies overlooking Madison Avenue."
usa_new york city_loews_regency_hotel,The Loews Regency is located on Park Avenue and some rooms offer views. It is near Central Park which is suitable for morning jogs.
usa_new york city_lowell_hotel,"The Lowell is located near Central Park, with some rooms offering views overlooking The Pierre. Some suites include terraces."
usa_new york city_mandarin_oriental_new_york,"The Mandarin Oriental in New York offers stunning views of Central Park, the Hudson River, and the city skyline from its rooms and lobby lounge, which begins on the 35th floor. Some rooms have unobstructed views while others have partial views obstructed by the Trump Tower."
usa_new york city_milford_plaza_hotel,"I am sorry, but there is no information about the hotel's suitability for a scenic retreat. Most of the reviews focus on its location near Times Square and Broadway, along with mentions of room size, cleanliness, and hotel amenities."
usa_new york city_millenium_hilton,"The Millenium Hilton offers stunning views from upper floors, including corner rooms, with sights of the Hudson River, Statue of Liberty, Brooklyn Bridge, and the WTC construction site. Some rooms have floor-to-ceiling windows to enhance the scenery."
usa_new york city_millennium_hotel_broadway,"The hotel offers rooms with great views, including views of Times Square, the Chrysler Building, and the Empire State Building, and it is close to many attractions, Broadway shows and subway stations. Some rooms have floor-to-ceiling windows."
usa_new york city_millennium_un_plaza_hotel,"The Millennium UN Plaza Hotel offers rooms starting on the 28th floor, with views of the East River, the Manhattan skyline, and landmarks like the Chrysler and Empire State Buildings, and has a pool on the 27th floor with views. Some rooms have large windows, with the top floors offering panoramic views, with east-side views of the East River and west-side views of the New York skyline."
usa_new york city_moderne_hotel,There are no mentions of scenery or retreats at this hotel. Many rooms have no view or a view of a brick wall.
usa_new york city_morgans_hotel,Morgans Hotel offers rooms with views of the Empire State Building and has a roof terrace with city views. Some rooms feature high spire-like ceilings.
usa_new york city_murray_hill_east_suites,"This hotel is near the Empire State Building, and rooms on higher floors may have city views. Some rooms on the ground level have access to a private outdoor garden area."
usa_new york city_murray_hill_inn,"I am sorry, but this hotel is in a city and the reviews do not indicate that this is a good choice for a scenic retreat."
usa_new york city_new_york_marriott_downtown,"The hotel offers excellent views of the Hudson River, Ellis Island, and the Statue of Liberty from upper floors. Some rooms also have views of the Goldman Sachs Tower and the World Trade Center site."
usa_new york city_new_york_marriott_east_side,"This hotel has a fitness center on the 35th floor with views over midtown Manhattan, and some upper floor rooms offer city views, including the Chrysler Building. Some reviewers recommend requesting a high floor or a corner room for better views, while others note construction in the area may cause noise."
usa_new york city_new_york_marriott_marquis,"Located in the heart of Times Square, Marriott Marquis offers astonishing views from upper floors. The View Lounge on the 48th floor provides outstanding rotating views of the city."
usa_new york city_new_york_palace_hotel,"The New York Palace offers rooms with views of St. Patrick's Cathedral, the Rockefeller Center, and the Hudson River from higher floors, including Executive Corner rooms and Tower rooms. Some reviewers recommend requesting a high floor for better views and less street noise."
usa_new york city_night_hotel,"The Night Hotel is not a good fit for a scenic retreat, as rooms are small with no views, or windows facing brick walls, air shafts, or dingy passageways, and is located in the heart of Times Square. The gothic-themed boutique hotel is known for its modern black and white decor and is centrally located near Times Square and Broadway."
usa_new york city_novotel_new_york_times_square,"Many reviewers mention the Novotel's great views of Times Square and Broadway from higher floors, with some recommending requesting a room on the Times Square side or a higher floor for better views. The hotel also features a sky bar and restaurant with outdoor terrace seating offering outstanding views."
usa_new york city_off_soho_suites,"Off Soho Suites offers apartment-like suites with kitchenettes in Lower Manhattan, near Soho, Chinatown, and Little Italy, with subway access. Some suites have windows that open, but noise from a nearby restaurant/bar may be a concern."
usa_new york city_omni_berkshire_place,"The Omni Berkshire Place does not have scenic view rooms, but rooms on higher floors facing 52nd street offer city views; otherwise, rooms may face construction or interior alleyways. Some rooms have balconies and sun decks."
usa_new york city_on_the_ave_hotel,"Some rooms have balconies with views of the Hudson River, Central Park, and the Upper West Side, while the 16th-floor terrace offers city views. The hotel is located on the Upper West Side, near Central Park and Riverside Park."
usa_new york city_park_79_hotel,"Park 79 is located on the Upper West Side, near Central Park and the Museum of Natural History. Some rooms have views overlooking the park or 79th street."
usa_new york city_park_central,"I am sorry, but none of the reviews contain information about scenic retreats. Therefore, I cannot provide a response."
usa_new york city_park_south_hotel,"I am sorry, but this hotel is located in an urban area and the hotel rooms do not have scenic views, with many rooms facing brick walls or noisy streets. However, the hotel is close to a subway and within walking distance of some major attractions, such as the Empire State Building."
usa_new york city_peninsula_new_york,"The Peninsula offers a pool with views of Central Park and 5th Avenue, as well as a rooftop bar with city views. Some rooms on higher floors offer views of Central Park and 5th Avenue."
usa_new york city_phillips_club,"The hotel has suites with impressive views, and is located near Central Park. It is also located near the subway and Lincoln Center."
usa_new york city_plaza_athenee_hotel,"The Plaza Athenee is located on a quiet, tree-lined street on the Upper East Side, close to Central Park, offering a calm area near Madison and Lexington Avenues. Some rooms offer views of the Upper East Side and the city beyond, while others face a brick wall or the roof."
usa_new york city_radisson_martinique_on_broadway,"The hotel is near the Empire State Building and some rooms have a direct view of it. Some rooms have views of Broadway, but other rooms have views of a brick wall."
usa_new york city_ramada_eastside,The hotel is in a good location and rooms on the upper floors offer views of the Chrysler and Empire State buildings. Some rooms facing the street can be noisy.
usa_new york city_red_roof_inn_manhattan,"Located near the Empire State Building, some rooms at the Red Roof Inn have views of the Empire State Building and Chrysler Building. Higher floors are recommended to reduce street noise."
usa_new york city_renaissance_new_york_hotel_57,The hotel offers great views of 57th and Lexington from some rooms and sky loft suites have a huge private terrace with views of surrounding buildings. The location is near Central Park.
usa_new york city_renaissance_new_york_hotel_times_square,"The Renaissance New York Hotel Times Square has a restaurant with an awesome view of Times Square, and the location of the hotel is superb for New Year's Eve celebrations because it overlooks the Times Square ball drop. The Renaissance is in the heart of Times Square and some rooms have great views overlooking Broadway and 7th Avenue."
usa_new york city_residence_inn_by_marriott_times_square_new_york,"The Residence Inn Times Square offers spectacular views of the Empire State Building from its upper floors and corner rooms, with windows that can be opened for fresh air. Some rooms also provide views of Bryant Park, Chrysler Building, and Sixth Avenue."
usa_new york city_ritz_carlton_battery_park,"The Ritz-Carlton Battery Park offers harbor view rooms with telescopes for viewing the Statue of Liberty and Ellis Island, as well as a 14th-floor lounge with harbor views. The hotel's location in Battery Park provides a quiet, scenic environment away from the hustle of Midtown."
usa_new york city_rockefeller_center_hotel,Rooms on higher floors offer views of St. Patrick's Cathedral and Radio City Music Hall. The 7th-floor terrace has views overlooking the Rockefeller Center skating rink with St. Patrick's spires in the background.
usa_new york city_roger_smith_hotel,"I am sorry, but the reviews for this hotel do not contain information about scenic retreats. The reviews mention that it is in midtown Manhattan and close to Grand Central station."
usa_new york city_roger_williams_hotel,"The Roger Williams Hotel is located a few blocks from the Empire State Building, with upper-floor rooms offering views of the building. Some rooms have terraces."
usa_new york city_room_mate_grace,"This hotel has rooms that are not scenic, and are small. The hotel does have a pool with a swim-up bar."
usa_new york city_royalton_hotel_new_york_city,"The Royalton Hotel is centrally located, close to many attractions including Rockefeller Center and Central Park, and some rooms have balconies with views of the New York skyline. It also features fireplaces in some rooms and a lounge area."
usa_new york city_salisbury_hotel,"The Salisbury Hotel is located near Central Park. Some rooms have a street view, and some have rear views."
usa_new york city_san_carlos_hotel,"I'm sorry, but I am unable to confirm if this hotel is suitable for a scenic retreat based on the reviews provided. The hotel is in midtown Manhattan and reviewers highlight the convenient location and spacious rooms."
usa_new york city_seafarers_international_house,"The hotel is located near Union Square, close to shops, bars, restaurants, and the subway. Some rooms have private bathrooms while others have shared bathrooms; there is a free computer with internet in the lobby."
usa_new york city_sheraton_new_york_hotel_towers,"Many reviewers mention phenomenal views, especially from higher floors and club rooms, with some rooms offering views of Times Square, Central Park, and the Hudson River. The hotel's location is also ideal for exploring the city, with easy access to subway lines and walking distance to Times Square and Central Park."
usa_new york city_skyline_hotel,The Skyline Hotel has a pool on the penthouse level with nice views of the Manhattan skyline and the Empire State Building. Rooms facing the front of the hotel may also have views of the Empire State Building.
usa_new york city_smyth_hotel_a_thompson_hotel,"The Smyth Tribeca has rooms with views of West Broadway, Chambers and Hudson Streets, with some rooms also offering views of the Empire State Building. Some rooms have large windows that provide natural light and good views of the surrounding area."
usa_new york city_sofitel_new_york,"The Sofitel New York is located in midtown Manhattan, offering views of the Chrysler Building from rooms on higher floors. Some rooms face the back of other buildings and may not have scenic views."
usa_new york city_soho_grand_hotel,"The Soho Grand Hotel offers north-facing rooms on higher floors (e.g. 16th floor) with views of the Chrysler Building, Empire State Building, and the Manhattan skyline. Some corner rooms also provide views of the Hudson River and the city skyline."
usa_new york city_soho_house_new_york,Soho House New York features a rooftop pool and bar with views of the river and skyline. The hotel is located in the Meatpacking District.
usa_new york city_stay,"I am sorry, but the provided reviews do not mention any scenic retreat elements for this hotel. The hotel is located near Times Square and Broadway."
usa_new york city_the_alex_hotel,"Rooms on higher floors, particularly corner rooms, offer spectacular views of the Chrysler Building and the Manhattan skyline. Some suites have balconies with views of the Chrysler Building and the East River."
usa_new york city_the_belvedere,"The Belvedere Hotel is centrally located in midtown Manhattan, near Times Square, Restaurant Row, and Broadway theaters, and some rooms on the higher floors offer nice views of the city, with executive rooms providing skyline views. The hotel is located on a relatively quiet street, and some rooms face the back of the hotel."
usa_new york city_the_benjamin,Some rooms at The Benjamin have balconies with city views; the higher floors have better views but may still experience street noise. The hotel is located in midtown and within walking distance of many attractions.
usa_new york city_the_blakely_new_york,"I am sorry, but this query is unanswerable. None of the reviews mention a scenic retreat. However, the hotel's location is near Central Park."
usa_new york city_the_bowery_hotel,"The Bowery Hotel offers rooms with floor-to-ceiling windows that provide city views, including the Empire State Building and Chrysler Building; some rooms have soaking tubs with views. The hotel also has a terrace overlooking a garden."
usa_new york city_the_bryant_park,"The Bryant Park Hotel offers park views from many rooms, with some suites featuring balconies overlooking Bryant Park and the NYC Public Library, and is described as a calm and tranquil escape from the city. Some rooms on higher floors offer views of the Empire State Building, and during the winter, guests can view the ice-skating rink in Bryant Park."
usa_new york city_the_carlton,"Many rooms offer views of the Empire State Building, with some reviewers specifically recommending corner rooms for the best views. Rooms facing the inner light shaft have no view, while rooms on the 29th Street side may have noise from the street."
usa_new york city_the_carlyle_a_rosewood_hotel,"The Carlyle offers gorgeous views over the park from its brilliant location, with some rooms featuring a balcony overlooking Madison Avenue. Some rooms on higher floors offer spectacular views of Central Park and the Manhattan skyline."
usa_new york city_the_franklin,"I am sorry, but the reviews for this hotel do not contain information about a scenic retreat or scenery in general."
usa_new york city_the_french_quarters_guest_apartments,"I am sorry, the reviews do not mention if the hotel offers scenic retreats. However, some rooms have balconies, and the hotel is located near Restaurant Row, close to Times Square and Central Park."
usa_new york city_the_gem_hotel_chelsea,"I am sorry, but this hotel is located in the Chelsea neighborhood of Manhattan, New York, and the reviews do not mention any scenic retreat qualities. The reviews focus on the hotel's small rooms, modern design, cleanliness, and convenient location near restaurants and transportation."
usa_new york city_the_gem_hotel_midtown_west,"I am sorry, but the provided reviews do not contain information about hotels that are suitable for a scenic retreat. The reviews focus on the hotel's location in relation to city attractions, room size, cleanliness, and staff friendliness rather than scenic qualities."
usa_new york city_the_gem_hotel_soho,The Gem Soho offers rooms with views of the Sarah Roosevelt Park and is located near the F and V subway lines. Some rooms on upper floors have views over E. Houston St.
usa_new york city_the_grant_hotel,"I am sorry, but based on the reviews, there is no mention of the hotel having scenic views. The reviews mention the hotel's location being close to the subway and some rooms having views of brick walls."
usa_new york city_the_hampton_inn_times_square_north,The Hampton Inn Times Square North offers upper-story rooms with views overlooking 8th Avenue. It is near Central Park and offers some western-facing partial views of the Hudson River.
usa_new york city_the_helmsley_carlton_house,"The hotel is located one block from Central Park, with some rooms offering balconies overlooking the park. Rooms are spacious, with some having sitting areas and kitchenettes."
usa_new york city_the_helmsley_park_lane,"The Helmsley Park Lane is located across the street from Central Park, offering views of the park and city from its rooms, especially those on higher floors. The hotel is located near the subway, 5th Avenue, and other attractions."
usa_new york city_the_herald_square_hotel,"The Herald Square Hotel is not particularly scenic, with many rooms having limited views, such as facing air shafts or the back of other buildings. However, room 918 on the top floor has a tiny outdoor courtyard with a view of the Empire State Building."
usa_new york city_the_hotel_91,"Hotel 91 is located in Manhattan's Chinatown, with some rooms facing the Manhattan Bridge offering views of the traffic/train. Some rooms have skylights, but they may be covered over."
usa_new york city_the_hotel_at_times_square,"I am sorry, but this hotel is in Times Square and there is no mention of a scenic retreat."
usa_new york city_the_inn_at_irving_place,"The Inn at Irving Place is located in a historic 19th-century building and is furnished with antiques. It offers a quiet escape within Manhattan, with features such as fireplaces and a tea service."
usa_new york city_the_iroquois,"This hotel is located close to Times Square, but some rooms have no view while others offer views of the Chrysler Building. Rooms facing the courtyard or back of the hotel tend to be quieter."
usa_new york city_the_jane,"The Jane Hotel is located in the West Village near the Hudson River, with some rooms offering views of the river and skyline. It is also near the High Line Park."
usa_new york city_the_kimberly_hotel,"Many rooms at the Kimberly Hotel feature balconies, and the higher floors offer nice views of the city, including the Chrysler Building and East River. The sunset cruise on the Kimberly yacht is a highlight."
usa_new york city_the_lombardy,"The Lombardy is located near Central Park, and some reviewers mention being able to walk to the park. The hotel's location is central to many attractions in Manhattan."
usa_new york city_the_london_nyc,"Many reviewers mention great views, especially from Vista Suites on higher floors, of Central Park, the Hudson River, and the New York skyline; the location is also convenient to Central Park. Some rooms have bay windows and curved sofas that allow guests to sit comfortably and enjoy the view."
usa_new york city_the_lucerne_hotel,"Rooms on higher floors at The Lucerne offer city views, including uptown and river views, while some rooms facing Amsterdam Avenue have views of street activity. Rooms facing away from Amsterdam Avenue may offer views of brick walls or air shafts."
usa_new york city_the_manhattan_club,"The Manhattan Club's apartments on the corner of the building offer views of Central Park and overlook 7th Ave and 56th Street, with some rooms on higher floors providing views of Central Park. Some rooms may face inward into a central shaft that lets in barely any light, so guests should ensure they book an outward-facing room."
usa_new york city_the_mansfield,"I am sorry, but the provided hotel reviews do not include information about hotels for a scenic retreat. The reviews focus on the Mansfield Hotel, highlighting its central location, room sizes, cleanliness, and staff, but does not mention a scenic retreat."
usa_new york city_the_marcel_at_gramercy,The Marcel has a rooftop terrace with views of the Empire State and Chrysler buildings. Some rooms on corners or higher floors offer dual aspect views of the Empire State Building and 3rd Ave.
usa_new york city_the_maritime_hotel,"Many rooms have views of the Hudson River from large porthole-shaped windows, with higher floors offering better views. The hotel also provides bicycles and is near the Highline Park."
usa_new york city_the_mark,"The Mark is located on the Upper East Side, near Central Park. Some rooms overlook the inner courtyard, offering a quieter environment."
usa_new york city_the_marmara_manhattan_luxury_hotel_residence,"The Marmara Manhattan offers city views from higher floors, with some suites featuring balconies and windows facing multiple directions. Some rooms offer views of the Empire State Building, East River, and New Jersey."
usa_new york city_the_mave,"I am sorry, but none of the reviews mention that The Mave hotel is located in a scenic retreat. The reviews mention that it is well-located to discover Midtown to Central Park."
usa_new york city_the_mercer_hotel,The Mercer has courtyard rooms with bamboo plantings; some rooms have views of Mercer and Spring street. The hotel is located in a neighborhood with few high-rises.
usa_new york city_the_michelangelo_hotel,"The Michelangelo Hotel is centrally located near Times Square, Central Park, and Broadway, with large, clean rooms. Some rooms have city views, while interior rooms are quieter but lack a view."
usa_new york city_the_milburn_hotel,"I am sorry, but this query is not applicable to the document. These hotel reviews do not make note of the hotel's scenic retreat capabilities."
usa_new york city_the_muse_hotel_new_york_a_kimpton_hotel,The Muse Hotel is centrally located near Times Square and offers upper floor rooms with balconies that overlook midtown Manhattan. Some rooms have views of a church.
usa_new york city_the_new_york_helmsley,"The New York Helmsley offers rooms with nice views, including the Chrysler Building, Empire State Building and East River, with upper floors providing better views; however, some rooms experience noise from street traffic. The hotel is within walking distance of attractions like Grand Central Station and Times Square."
usa_new york city_the_new_yorker_hotel,"Rooms on the 34th floor offer incredible views of Manhattan, including the Empire State Building, Chrysler building and Hudson River. Some rooms have city or Hudson views, or views of Madison Square Garden."
usa_new york city_the_pierre,"The Pierre is located across from Central Park, offering convenient access and views. Some rooms have park views."
usa_new york city_the_plaza,"The hotel is located at the south end of Central Park on 5th Ave, offering proximity to the park and high-end 5th Avenue stores. Some rooms, like the Edwardian Suite, were advertised to have ""sweeping views"" of Central Park, though some rooms had obstructed views of the park or overlooked the internal courtyard."
usa_new york city_the_pod_hotel,"The Pod Hotel has a roof terrace with city skyline views and a garden patio. Some rooms offer decent views, and the hotel is within walking distance of Central Park."
usa_new york city_the_premier,"The Premier offers views of the Chrysler Building, the Paramount Clock, and Times Square from some rooms on higher floors. Some rooms lack views."
usa_new york city_the_ritz_carlton_new_york_central_park,"The Ritz Carlton Central Park offers park view rooms with views of Central Park, with some rooms having telescopes. It's located across the street from Central Park, providing access to the park's scenery."
usa_new york city_the_roosevelt_hotel,The Roosevelt Hotel offers rooftop bar access with panoramic city views. Some rooms on the higher floors may have nice views but are subject to city and traffic noise.
usa_new york city_the_sherry_netherland_hotel,"The Sherry-Netherland offers suites with expansive views of Central Park and the city, some including binoculars and telescopes. Its location on 5th Avenue provides easy access to Central Park, and some rooms offer Empire State Building views."
usa_new york city_the_shoreham,"The Shoreham Hotel's rooms have no views, with some overlooking an air shaft or another building. The Penthouse room includes a balcony, but it does not overlook anything worth seeing."
usa_new york city_the_st_regis_hotel_new_york,"Some rooms offer views of Central Park from the living room, while top-floor rooms have good views up and down the grand streets, though windows may be small. Rooms on the rear side of the building may have less appealing views of a back courtyard with brick buildings."
usa_new york city_the_standard_new_york,"The Standard Hotel in NYC offers rooms with floor-to-ceiling windows that provide views of the Hudson River, Empire State Building, Statue of Liberty, and the High Line. Some rooms have peek-a-boo showers and large bathtubs with views, with higher floors offering better experiences."
usa_new york city_the_surrey,"The Surrey is located on the Upper East Side, near Central Park, offering views of the city and being close to museums. Some rooms overlook Central Park."
usa_new york city_the_sylvan_guest_house,"Sylvan Guest House is located in the historical neighborhood of Harlem, near the Jumel Mansion, the oldest house in Manhattan. It features uniquely designed apartments with African art decorations and a terrace, offering a peaceful environment."
usa_new york city_the_time,"The Time Hotel is located in the heart of the Theater District, just off Times Square, but rooms may not offer views and some look onto exterior walls or brick walls. Some rooms on higher floors are reported to be quiet."
usa_new york city_the_waldorf_astoria,"The Waldorf Astoria offers city views from rooms on higher floors with some overlooking Park Avenue and the Chrysler Building. However, some rooms have views of rooftops or are located near elevator shafts and can be noisy."
usa_new york city_the_westin_new_york_at_times_square,"The Westin New York at Times Square offers rooms with partial views of the Hudson River, corner rooms with views of the Hudson River and the Empire State Building, and rooms on higher floors with panoramic city views. Some rooms have Hudson River views from the bathroom, as well."
usa_new york city_thirty_thirty_hotel,"This hotel is located in Midtown Manhattan, within walking distance of the Empire State Building and near subway stations, but far enough away from Times Square for a quieter atmosphere. Some rooms offer views of the Empire State Building."
usa_new york city_thompson_les,The Thompson LES offers rooms with floor-to-ceiling windows that provide great views of the Lower East Side and Manhattan skyline. Some rooms have balconies with views of landmarks like the Empire State Building and Brooklyn Bridge.
usa_new york city_travel_inn_hotel_new_york,"This hotel has rooms with pool views and is near the Hudson River, marina, and waterfront. Rooms opening onto the pool area may be quiet but a little dark, while rooms overlooking the street may be brighter but slightly noisier."
usa_new york city_tribeca_grand_hotel,"The Tribeca Grand is located in a convenient area within walking distance to Soho, Chinatown and Little Italy. Some rooms have nice views of the streets below so you can people watch."
usa_new york city_trump_international_hotel_and_tower,"The Trump International Hotel and Tower boasts a prime location overlooking Central Park, with many rooms offering spectacular views through floor-to-ceiling windows; some suites also offer views of Columbus Circle and Broadway. The hotel's proximity to the park provides opportunities for scenic walks and a tranquil escape."
usa_new york city_tudor_hotel_at_the_united_nations,"The Tudor Hotel offers rooms with views of the East River, the United Nations, and Tudor City gardens, with some rooms featuring a terrace. The hotel is located near quiet parks with views down to the East River."
usa_new york city_vincci_avalon,"The Avalon Vincci is centrally located near the Empire State Building, allowing views of the building from some rooms, with convenient access to shopping and subway lines. The rooms are generally spacious for New York standards, though some have reported outdated furnishings and temperature control issues."
usa_new york city_w_new_york_the_court,Some rooms have views of the Chrysler Building or the Empire State Building. Rooms on the 12th floor have balconies that overlook 39th Ave.
usa_new york city_w_new_york_the_tuscany,Some rooms at the W Tuscany offer views of the Chrysler Building or the Empire State Building. The hotel is located on a quiet side street and is near Grand Central Station.
usa_new york city_w_new_york_times_square,"The W Times Square offers corner rooms on high floors with views over Times Square, the Hudson River, and Central Park. Rooms with great views are in high demand, but some rooms have obstructed views."
usa_new york city_w_new_york_union_square,"High floors at the W Union Square have fantastic views of NYC, especially south and east-facing rooms. Some rooms offer a view of Union Square."
usa_new york city_waldorf_towers,"The Waldorf Towers is located in Midtown Manhattan and many rooms have views of the Chrysler Building, Park Avenue, or the East River. Some suites feature large windows."
usa_new york city_wall_street_inn,"The Wall Street Inn is located in the Financial District, near the Staten Island Ferry and Battery Park, offering views of Manhattan. It's described as a quiet location, especially on weekends."
usa_new york city_warwick_new_york_hotel,"The Warwick Hotel offers rooms with views of 6th Avenue and Central Park, with some suites featuring balconies and terraces, including a wrap-around terrace in the ""Hollywood Suite"". Some rooms offer city views from higher floors."
usa_new york city_washington_jefferson_hotel,"This hotel is located near Times Square and Central Park, but there are no views from the rooms. Some rooms overlook an interior courtyard or a brick wall."
usa_new york city_washington_square_hotel,"Rooms in the Washington Square Hotel offer views of Washington Square Park and the Empire State Building. Certain rooms face the street and MacDougall, while interior rooms offer quiet."
usa_new york city_wellington_hotel,"The Wellington Hotel is centrally located, with some rooms offering views of Central Park or Times Square from higher floors. Some suites feature balconies and kitchenettes."
usa_new york city_west_57th_street_by_hilton_club,"The hotel is located near Central Park, and some rooms offer views of both the Upper East and West Sides and all of Central Park. The 25th floor has an outside terrace with night light views."
usa_new york city_wingate_by_wyndham_manhattan_midtown,"This hotel is located in midtown Manhattan, with some rooms having views of adjacent buildings. Some higher floor rooms facing the street may have city views, but are subject to noise."
usa_new york city_wolcott_hotel,"I am sorry, I cannot provide information about the hotel being a scenic retreat, as the reviews focus on location, value, and cleanliness, with mentions of nearby attractions like the Empire State Building, but not scenic qualities. Some rooms offer views of the Empire State Building, which is located nearby."
usa_new york city_woogo_central_park,"Some rooms on the upper floors have skyline views and huge rooftop terraces. The hotel is near Central Park, the Dakota building, and Strawberry Fields."
usa_new york city_wyndham_garden_hotel_times_square_south,"Some rooms have a decent view of neighboring buildings and a glimpse of the Hudson River, while upper floor rooms may have a door to a small terrace. The 10th floor has an outdoor terrace bar."
